{
    "Graph": {
        "tree": {
            "id": "0",
            "text": "采购风险",
            "children": [
                {
                    "id": "0@4011",
                    "text": "流程及审批风险",
                    "children": [
                        {
                            "id": "10@4012",
                            "text": "关联方围标风险",
                            "children": [
                                {
                                    "id": "120@4012",
                                    "text": "供应商董监高类同",
                                    "children": []
                                },
                                {
                                    "id": "120@4013",
                                    "text": "供应商银行账号类同",
                                    "children": []
                                },
                                {
                                    "id": "120@4014",
                                    "text": "供应商地址类同",
                                    "children": []
                                },
                                {
                                    "id": "120@4015",
                                    "text": "供应商联系方式类同",
                                    "children": []
                                }
                            ]
                        },
                        {
                            "id": "10@4013",
                            "text": "非关联方串标风险",
                            "children": []
                        },
                        {
                            "id": "10@4014",
                            "text": "定向制标",
                            "children": []
                        },
                        {
                            "id": "10@4015",
                            "text": "流程制度违规",
                            "children": []
                        }
                    ]
                },
                {
                    "id": "0@4012",
                    "text": "人为风险",
                    "children": []
                },
                {
                    "id": "0@4013",
                    "text": "价格相关风险",
                    "children": []
                },
                {
                    "id": "0@4014",
                    "text": "外部环境风险",
                    "children": []
                },
                {
                    "id": "0@4015",
                    "text": "供应商风险",
                    "children": []
                },
                {
                    "id": "0@4016",
                    "text": "合同风险",
                    "children": []
                },
                {
                    "id": "0@4017",
                    "text": "库存风险",
                    "children": []
                },
                {
                    "id": "0@4018",
                    "text": "验收风险",
                    "children": []
                },
                {
                    "id": "0@4019",
                    "text": "付款风险",
                    "children": []
                },
                {
                    "id": "0@4020",
                    "text": "市场风险",
                    "children": []
                }
            ]
        }
    }
}